Trading period,\( \lambda = 1.0 \)
1,0.8899
2,0.111
3,0.01586
4,-0.00246
5,-0.01424