Trading period,\( \lambda = 1.0 \)
1,-0.01399
2,0.08174
3,0.2378
4,0.3295
5,0.3649