Trading period,\( \lambda = 1.0 \)
1,0.8782
2,0.2296
3,0.01806
4,-0.04621
5,-0.07961