Trading period,\( \lambda = 1.0 \)
1,-0.03509
2,0.2055
3,0.6395
4,0.1831
5,0.006952