Trading period,\( \lambda = 1.0 \)
1,0.7499
2,0.2216
3,0.05941
4,0.004082
5,-0.03496