Trading period,\( \lambda = 1.0 \)
1,0.7415
2,0.06424
3,-8.643e-9
4,0.02366
5,0.1706