Trading period,\( \lambda = 1.0 \)
1,0.2728
2,0.3336
3,0.311
4,0.06993
5,0.01271