Trading period,\( \lambda = 1.0 \)
1,0.882
2,0.1052
3,0.02677
4,0.01888
5,-0.03295