Trading period,\( \lambda = 1.0 \)
1,0.1943
2,0.3317
3,0.3954
4,0.08013
5,-0.001504