Trading period,\( \lambda = 1.0 \)
1,0.8905
2,0.1104
3,0.01581
4,-0.002259
5,-0.01439