Trading period,\( \lambda = 0.0 \),\( \lambda = 0.25 \),\( \lambda = 0.5 \),\( \lambda = 0.75 \),\( \lambda = 1.0 \)
1,-0.002198,-0.149,-0.2869,-0.4075,-0.5103
2,-0.002731,0.003677,0.04339,0.1155,0.2118
3,-0.002586,0.07703,0.1486,0.2034,0.2375
4,-0.001003,0.04339,0.06983,0.07795,0.07311
5,0.008518,0.02486,0.02511,0.01061,-0.01209