Trading period,\( \lambda = 0.0 \),\( \lambda = 0.25 \),\( \lambda = 0.5 \),\( \lambda = 0.75 \),\( \lambda = 1.0 \)
1,0.189,0.3739,0.5482,0.703,0.8396
2,0.2878,0.3028,0.2807,0.223,0.138
3,0.2879,0.2029,0.1247,0.06275,0.0214
4,0.138,0.07617,0.03349,0.01061,0.001089
5,0.09714,0.04419,0.01297,0.0006547,-4.78e-6