Trading period,\( \lambda = 1.0 \)
1,0.945
2,0.05159
3,0.003083
4,0.0003043
5,9.306e-6