Trading period,\( \lambda = 1.0 \)
1,0.7489
2,0.2221
3,0.05997
4,0.003885
5,-0.03483