Trading period,\( \lambda = 1.0 \)
1,0.8815
2,0.1056
3,0.02684
4,0.01886
5,-0.03285