Trading period,\( \lambda = 1.0 \)
1,0.945
2,0.05159
3,0.003085
4,0.0003067
5,-1.887e-9