Trading period,\( \lambda = 1.0 \)
1,0.7417
2,0.06412
3,-6.421e-7
4,0.02349
5,0.1707