Trading period,\( \lambda = 1.0 \)
1,0.2729
2,0.3345
3,0.31
4,0.07047
5,0.01211