Trading period,\( \lambda = 1.0 \)
1,0.9431
2,0.05349
3,0.003255
4,0.0001604
5,2.18e-5