Trading period,\( \lambda = 1.0 \)
1,0.2724
2,0.3336
3,0.311
4,0.07029
5,0.01262