Trading period,\( \lambda = 1.0 \)
1,-0.03501
2,0.2057
3,0.6392
4,0.1831
5,0.006955