Trading period,\( \lambda = 1.0 \)
1,-0.03564
2,0.2061
3,0.6403
4,0.1823
5,0.006998