Trading period,\( \lambda = 1.0 \)
1,0.9431
2,0.05348
3,0.003254
4,0.0001588
5,3.011e-5