Trading period,\( \lambda = 1.0 \)
1,-0.01441
2,0.08191
3,0.2379
4,0.3291
5,0.3655