Trading period,\( \lambda = 0.0 \),\( \lambda = 0.25 \),\( \lambda = 0.5 \),\( \lambda = 0.75 \),\( \lambda = 1.0 \)
1,0.1986,0.2467,0.2908,0.3318,0.3701
2,0.1993,0.2221,0.2399,0.254,0.2653
3,0.2,0.1998,0.1971,0.1931,0.1883
4,0.1998,0.1777,0.1581,0.1405,0.1249
5,0.2023,0.1537,0.1142,0.08058,0.05136