Trading period,\( \lambda = 1.0 \)
1,0.876
2,0.2312
3,0.01891
4,-0.04667
5,-0.07943